Series A 0—112 / Pre-censal or pre-statistical estimates of population, trade, public finances, and related matters.
ID	NO	TYPE	START	STOP	PUB	TALLY 0	FOR 0	TALLY 1	FOR 1	PLACE	LN INTEREST	LN SOURCE	CF	VIA	NOTE	END	
A 0	0	Pers	1 Apr 1636	Apr 1636	xxx	25 t 30	Crew of Jonathan de Neckere	xnp	xnp	xxx	np	np	"GUATEMALA,16,R.2,N.13 f 1r-10r"	"Cardona 111, 24-26"	"xxx / Sp pilot of frigate of Diego Sánchez de Rivera, vecino of Trujillo, maestre Simón Alemán, “se llebaron un piloto platico que trayan por ser conocido de ellos que abia sido otra bes su pricionero” /GUATEMALA,16,R.2,N.13 f 4r"	###	
A 1	1	Pers	1 Jun 1636	Jun 1636	25 Jun 1636	35	Crew of Diego el Mulatto	xnp	xnp	xxx	np	np	"MEXICO,360,R.5,N.17"	xnp	xxx	###	
A 2	2	Pers	1 Sep 1637	Sep 1637	xxx	3	Sails of Thomas Newman	xnp	xnp	xxx	np	np	"GUATEMALA,16,R.2,N.13 f 12v-13v, 21r-40v"	"Cardona Amaya 112, 31 / Newman 263"	xxx	###	
A 3	3	Pers	1 Nov 1642	Nov 1642	xxx	70	Crew of Diego el Mulatto	xnp	xnp	Bacalar	np	np	"MEXICO,360,R.5,N.33 / MEXICO,369 ff 529r—531v / Cogolludo 656—659"	Molina 2 138 / Jones 226—227 fn 28—32 / Barke B 112 fn 382	xxx	###	
A 4	4	Pers	1 Jun 1648	Jun 1648	xxx	50	Crew of Abraham Blauvelt	xnp	xnp	Bacalar	np	np	Rawl MSS. A. xxx f xxx	Haring 273	"Assuming Blauvelt crew of 1648 = that of 1663 /// 15 Eng buccaneering crews belonging to Jam, Tortuga in 1663, with total men nearing 1,000 [median crew size 60] /v Haring 273 /// Though Letters written from Jamaica in 1664 placed the number scattered abroad in privateering at from 1500 to 2000, sailing in fourteen or fifteen ships. /v Haring 124 /744, 765, 786, 812 CSPC 5"	###	
A 5	5	Pers	1 Feb 1666	Feb 1666—74	27 Feb 1674	300	English loggers resident winter and summer	xnp	xnp	Yucatan	np	np	1226.iii CSPC 7	xnp	"Feb. 27. 1226. Petition of Thomas Jarvis, William How, Robert Higgins, Richard Ashall, Edmond Cooke, Matthew Fox, and divers others trading into the Western Plantations to the King in Council. ... 1226. III. Minutes of the Committee for Trade and Plantations. ... Cooke says there have been 300 of his Majesty's subjects inhabiting winter and summer at Yucatan for eight years past, and not any of them within 45 leagues of any Spanish Plantations."	###	
A 6	6	Pers	1 Nov 1667	Nov 1667–May 1668	xxx	350 t 700	Crew of L’Ollonais	xnp	xnp	xxx	np	np	xxx	Marley 263 / Bialuschewski G 243	"Sep–Nov 1667 L’Olonnais 6 Vessels 350 men retreat to cayes north of Amatique Bay / 4 Maya traders 1 PA impressed off Hon or Sp Hon /v Bialuschewski G 245 /GUATEMALA,39,R.43,N.199 /// Nov 1667–May 1668 L’Olonnais camps Abraham’s Caye, and trades with Maya fishermen there, and Maya traders from mainland, eg fm Tipuj, giving metal tools and raw iron for foodstuff / thereafter raid 2 Maya villages / Maya possibly engage raiders in one of these raids /v Bialuschewski G 246 /GUATEMALA,22,R.1,N.11 /ANOM Marine 3JJ 282 no 10 /ESCRIBANIA,1092A, pieza 16 ff 9–17"	###	
A 7	7	Pers	1 Nov 1669	Nov 1669—72	5 Nov 1672	100 or 200	English loggers resident	xnp	xnp	Yucatan fm Boca Couil to Cape Catoche to Cozumel	np	np	954.i CSPC 7	xnp	"Nov. 5. Jamaica. ... 954. I. Depositions of William and John Coxen, Philip Osborne, John Mitchell, James Smith, and James Risby, all captains of ships, sworn before Sir Thomas Lynch, Governor of Jamaica. They have used the trade of logwood cutting for about 2 1/2 or 3 years on the coast of Yucatan, from Boca Couil to Cape Catoche, and thence to Cozumel, and during that time the English have had and now have huts and people to the number of 100 or 200 there resident; /954.i CSPC 7 /// See Egerton MS 2395 ff 481–482 Link: http://www.globalcommodities.amdigital.co.uk.ezp-prod1.hul.harvard.edu/Documents/Details/BL_Egerton_2395_0011"	###	
A 8	8	Pers	1 Oct 1670	Oct 1670	31 Oct 1670	12	Merchant craft trading exclusively	xnp	xnp	"Cape Gracia Dios, Darien, Mosquito, Campeachy, Cuba, Hispaniola"	np	np	310 CSPC 7	xnp	"Oct. 31. Jamaica. 310. Governor Sir Thos. Modyford to Sec. Lord Arlington. ... There are about a dozen vessels that only ply this trade [logwood], and make great profit selling the wood at 25l. to 30l. per ton; they were privateers, but will not leave the trade again. They go to places either inhabited by Indians or void, and trespass not at all upon the Spaniard, ... [Gov. Modyford] Is persuaded above two thirds of the privateers will betake themselves to this [logwood] trade when there is peace with Spain, ... The places they now trade at are Cape Gracia Dios, Darien, Mosquito, and many deserted places in Campeachy, Cuba, and Hispaniola. /// On Places, note -- 1671. March 10th. Gov Lynch to Council of Plantations ... I never gave license to any to goe [to Campeachy or to cut logwood?], for which Reason most [logwood] thats cutt is carryed directly away and those few that come in the Masters and Company sweare they neither steale nor take it by force but cutt it in desolate places of which I inquire no further, because I know theres so many places islands and Cayos where Strangers hunt, fish and cutt Wood /v Burdon 1 51 /CO 1/28/27"	###	
A 9	9	Pers	1 Feb 1671	Feb 1671	4 Mar 1671	32	Jamaica merchant craft trading	xnp	xnp	"Campeachy, Port Royal"	np	np	704.iv CSPC 7	xnp	"704. IV. Account of ships, &c. that trade for logwood at Campeachy and belong to this harbour of Port Royal, in Jamaica, with names of the captains, ships, and number of tons, men, and guns; amounting to 32 ships, of 1,170 tons, with 424 men and 74 guns. 1671, March 4. /// Though 1671–1675 75 Eng vessels trade in Hon /v Katai 178 /v Scammell xxx"	###	
A 10	10	Pers	1 Jun 1671	< 6 Jul 1671	6 Jul 1671	40	Craft logging or trading	xnp	xnp	Campeachy	np	np	587 CSPC 7	xnp	July 6. Jamaica. 587. Rich. Browne to Joseph Williamson. ... they [old Governor and Sir Thos. Lynch] have agreed to suffer ships to fetch logwood out of the Bay of Campeachy. Is informed there are about 40 ships cutting logwood: /// Though 1671–1675 75 Eng vessels trade in Hon /v Katai 178 /v Scammell xxx	###	
A 11	11	Pers	1 Sep 1672	< 28 Sep 1672	28 Sep 1672	900	Loggers	xnp	xnp	"Beef Island near Triste, Cape Catoche, Lambeth Bay, Ballinah"	np	np	940 CSPC 7	xnp	"Sept. 28. Bristol. 940. Richard Browne to Sir Joseph Williamson. ... It is inestimable the injury the logwood men do the Spaniards, there being at one time, as informed, 900 men cutting wood at Beef Island by Triste, and presumes many more to the eastward at Cape Catoche, Lambeth Bay, and Ballinah;"	###	
A 12	12	Pers	1 Jul 1673	Jul 1673	8 Jul 1673	500 or 600	Loggers and privateers	xnp	xnp	xxx	np	np	1115 CSPC 7	xnp	"July 8. Jamaica. 1115. Lieut.-Governor Sir Thos. Lynch to Dr. Worsley. ... fears it [privateers under Spanish letters, sent out from Havanna, Campeachy] will force the logwood cutters and desperate privateers, which may be 500 or 600, to join the French, against whom it is reported the Spaniards have declared war."	###	
A 13	13	Pers	1 Aug 1675	Aug 1675–Mar 1676	15 Jul 1699	250 t 270	Individuals settled	xnp	xnp	Trist	np	np	"Dampier 2 pt 2 pp 18, 52"	xnp	"Date = “We [Dampier, Capt. Hudsel] sailed from Port-Royal about the beginning of August, 1675. in Company with Capt. Wren in a small Jamaica Bark, and Capt. Johnson Commander of a Ketch belonging to New-England. / This Voyage is all the way before the Wind, and therefore Ships commonly sail it in 12 or 14 Days; Neither were we longer in our Passage;” /Dampier 2 pt 2 p 9 / About the middle of Feb. [16]75—6. We [Dampier, Capt Johnson of New-England] sailed fm Jamaica ... In a little time I setled my self in the West Creek of the West Lagune with some old Logwood Cutters, to follow the Employment with them. /Dampier 2 pt 2 p 41 /// Estimate = Our Cargo to purchase Logwood was Rum and Sugar; a very good Commodity for the Logwood-Cutters, who were then about 250 Men, most English, that had settled themselves in several Places hereabouts [Trist] : /Dampier 2 pt 2 p 18 / The Logwood-Trade was grown very common before I came hither, here [Terminos] being, as I said before, about 260 or 270 Men living in all the Lagune and at Beef-Island, /Dampier v 2 pt 2 p 52"	###	
A 14	14	Trade	1 Aug 1675	Aug 1675	15 Jul 1699	5	Pound per Tun Logwood	xnp	xnp	Trist	np	np	Dampier 2 pt 2 p 18	xnp	"Date = “We [Dampier, Capt. Hudsel] sailed from Port-Royal about the beginning of August, 1675. in Company with Capt. Wren in a small Jamaica Bark, and Capt. Johnson Commander of a Ketch belonging to New-England. / This Voyage is all the way before the Wind, and therefore Ships commonly sail it in 12 or 14 Days; Neither were we longer in our Passage;” /Dampier 2 pt 2 p 9 /  /// Estimate = Our Cargo to purchase Logwood was Rum and Sugar; a very good Commodity for the Logwood-Cutters, ... We took no Money for it [Rum, Punch], nor expected any; for Logwood was what we came hither for, and we had of that in lieu of our Commodities after the rate of 5 Pound per Tun, to be paid at the Place where they cut it; and we went with our Long-boat to fetch small Quantities. But because it would have taken up a long time to Load our Vessel with our own Boat only, we hired a Pariago of the Logwood-Cutters to bring it on Board; and by that means made the quicker dispatch. /Dampier 2 pt 2 p 18"	###	
A 15	15	Pers	1 Sep 1675	Sep—17 Dec 1675	14 Dec 1675	17	New England merchant craft trading	xnp	xnp	"Campeachy, Port Royal"	np	np	740 CSPC 9	xnp	"Dec. 14. 740. Observations on the present state of Jamacia by M. Cranfield, being answers to 21 queries, drawn out of his Majesty's Instructions of 7th March 1675. ... (14.) ... between September and 17 December [1675], 17 New England vessels touched at Port Royal, bound to the Bay of Campeachy for logwood."	###	
A 16	16	Trade	1 Mar 1676	Mar 1676	15 Jul 1699	1	Tun of Logwood per Month of work	xnp	xnp	Trist	np	np	Dampier 2 pt 2 p 41	xnp	"Date = About the middle of Feb. [16]75—6. We [Dampier, Capt Johnson of New-England] sailed fm Jamaica ... In a little time I setled my self in the West Creek of the West Lagune with some old Logwood Cutters, to follow the Employment with them. /Dampier 2 pt 2 p 41 /// Estimate = Tho' I was a Stranger to their Employment and manner of Living, as being known but to those few only of whom we bought our Wood, in my former Voyage hither; yet that little Acquaintance I then got, encouraged me to visit them after my second arrival here; ... There were six in Company, who had a Hundred Tuns ready cut, log'd and chip'd, but not brought to the Creeks side, and they expected a Ship from New-England in a Month or two to fetch it away. When I came thither they were beginning to bring it to the Creek. And because the Carriage is the hardest Work, they hired me to help them at the rate of a Tun or Wood per Month: promising me that after this Carriage was over, I should strike in to work with them, for they were all obliged in Bonds to procure this 100 Tuns joyntly together, but for no more. /Dampier 2 pt 2 pp 82–83"	###	
A 17	17	Pers	1 Aug 1682	Aug 1682	29 Aug 1682	200 to 300	Loggers	xnp	xnp	"Campeachy, Honduras"	np	np	668 CSPC 11	xnp	"Aug. 29. Jamaica. 668. Sir Thomas Lynch to Lord of Trade and Plantations. ... I have forbidden our cutting logwood in the Bay of Campeachy and Honduras, ... It is now become a greater drug than fustic, and is almost all carried to Hamburgh, New England, Holland, &c., which injures us and the customs and trade of the nation. I have, therefore, sent to order the men up, and to tell them that I permit no more vessels to go that I can hinder. We have lost abnndance of men, and suppose two or three hundred of them to be now in Yucatan and Nueva Españna."	###	
A 18	18	Pers	1 Jun 1702	Jun 1702	15 Jun 1702	500	Loggers	xnp	xnp	xxx	np	np	"MEXICO,1078,L.42 ff 172v—174v, 178v–181r"	Barke B 110 fn 374 / Barke H 170 fn 582	Sum = 400 Eng + 100 Neg slaves.	###	
A 19	19	Pers	1 Jul 1712	Jul 1712	15 Jul 1726	19 t 20	Individuals remaining	xnp	xnp	xxx	np	np	Uring 246	xnp	xxx	###	
A 20	20	Pers	1 Aug 1715	Aug 1715	19 Sep 1715	> 200	Loggers gone	xnp	xnp	Campeche	np	np	Boston News-Letter 596 2	xnp	"Rhode-Island, Septemb. 16. ... Just at the going out of the Post for Boston, arrived here Capt. John Pampillion Commander of the Ship Samuel from Campeche bound to Holland, who informs that there is near Two Hundred Men gone from that Place a Pyrating, and the few that remain are at the point of Starving, Provisions being very scarce and extraordinary dear, and that several Negroes dyed there for want of Provisions, and that all Persons that can get away, carry what they have with them, and desert the Place, there was but one Ship in the Bay when he came away."	###	
A 21	21	Pers	1 Aug 1715	Aug 1715	10 Oct 1715	250	Bay-Men	xnp	xnp	Campeche	np	np	Boston News-Letter 599 2	xnp	"New York, October 3 [1715]. The Ship George Augusus, Capt. Huntington, and the Ship Brunswich Capt. Holder Commander, are at Sandy Hook from Campeche, bound for the Downs, they only touch here for Provisions, and have been eight Weeks from the Bay, and say there are some Pyrates thereabouts, and report that 250 of the Bay-Men in Two Sloops and some Periagars were designed to Campeche, to burn the Shipping there, ... /Boston News-Letter 599"	###	
A 22	22	Pers	1 Mar 1716	Mar 1716	7 May 1716	150	Men Whites and Blacks held by Spanish	xnp	xnp	"Campeche inc Western Legoons, Island of Treas"	np	np	Boston News-Letter 629 2	xnp	"Piscataqua, May 4. Capt. John Cowrt[-] arrived here last Night in a Snow from Campeche, six weeks Passage, who informs that nine weeks ago [= 2 Mar 1716] the Spaniards from Tabiscus. had intirely cut off the Western Legoons and Island of Treas, and captivated 150 Men Whites and Blacks, burnt all the Logwood, destroy'd the Craft, took a Pink and Sloop which they carryed away, burnt the Hulks and a Snow; they took Mr. Alexander Todd but he made his escape and is now in the Bay; They took also a Vessel of Marooners that belonged to the Bay and carryed to Campeche Town ..."	###	
A 23	23	Pers	1 Dec 1716	Dec 1716	8 Apr 1717	200 to 300	Loggers not imprisoned 	xnp	xnp	Campeche inc Lagoons	np	np	Boston News-Letter 677 2	xnp	"New York, March 25th. ... Capt Nailor in 32 days from Jamaica touched at the Havana where he was informed that on the last Day of November [1716] five sail of Spanish Vessels, went to the Bay of Campeche ... [they] sent the Flagg of Truce among the English Shipping, which were one or two and Twenty, and finding they could not Muster above 80 Men together (the rest being in the Lagoons) The Spaniards being 600 Men, they also surrendered, ... Between two and three hundred Men that were in the Lagoons have not surrender'd themselves, but are raving about in Perryaugers."	###	
A 24	24	Pers	10 Dec 1716	10 Dec 1716	10 Dec 1716	> 130	Loggers or sailors	xnp	xnp	Campeche inc Creeks	np	np	484.x CSPC 29	xnp	"484. x. Masters of vessels in the Bay of Campeachy to John Cample. Antea Triste Harbour sed nu[n]c del Carmen, Dec. 10, 1716. ... the Spaniards stop't up both Creeks, so that our men could by no means come to our assistance, and so that in 18 sail there were but 80 sailers left, most part of the Bay men who were then at Triste with 7 of the masters of vessels vizt. Thomas Porter, Bay man, who drew all the rest away ran from our aid with above 50 men in canoes, one of the abovesaid 7 masters, after assignation of the capitulations (Nos. vii., viii.), burned his sloop etc."	###	
A 25	25	Pers	10 Dec 1716	10 Dec 1716	15 Jul 1726	400	Loggers	xnp	xnp	Lagune of Trist	np	np	Knight 15-16	xnp	"Our People then took Possession of it [Lagune of Trist] again, but have often been disturbed by the Spaniards, who made Prizes of their Shipping whenever they could overcome them, particularly in the Year 1718, and in 1724, when they took upwards of 20 Sail each time, and drove the People on Shore from their Settlements. /Lon 26 p15 /// THIS Trade [logwood] employ'd above one hundred Sail of Ships, and near two thousand Seamen, including those that were settle Ashore; so that on a moderate Computation, they could not export less than 12000 Tons of Logwood yearly, ... /Knight 16"	###	
A 26	26	Pers	1 Jan 1719	Jan–Dec 1719	15 Jul 1758	300	Immigrant loggers previously expelled from Campeche	xnp	xnp	"Campeche, Honduras inc R Viejo, R Wallis"	np	np	Bib Real Miscelanea Ayala Mss. no. 2874 ff 186-205	Calderon 440	"una Expedición salió [en 1719] de Jamayca, arrivaron a aquella Costa [Campeche], donde desembarcaron con 300 hombres; pero haviendo sido rechazados hostilmente, perdida toda la esperanza de recuperar su posesión, proyectaron pasar el Golfo de Honduras y introducirse en el Río Viejo o Wallis, y encontrar en sus Riberas y en sus lagos el precioso tesoro de su Palo; así lo executaron sin resistencia de los Españoles, ... /v Calderon 440 img 1140 /Bib Real Miscelanea Ayala Mss. no. 2874 ff 186-205"	###	
A 27	27	Pers	1 Jul 1722	Jul—Nov 1722	15 Jul 1735	500	Loggers	xnp	xnp	Honduras inc Barcadares	np	np	Atkins 227	xnp	"Assume Atkins received information on Honduras while at Jam, since did not anchor at Hon /Atkins 255-265, but did at Jam 23 Aug 1722 to 1 Jn 1723 NS /Atkins 264-265 / Rushton gives Atkins residence in nothern Hon in 1730 /v Rushton 158 /xxx /// Date or period = August 23 [1722]. A. [Anchored, or arrived at] Port-Royal in Jamaica, where we [in xxx] found the Swallow had arrived, a Week before. ... Jan. 1 [1723 NS]. W. [Weighed, or went from] Port-Royal, and anchored at the Kays. /Atkins 264 /// They [Logwood-Cutters at Bay of Honduras] are about 500 (Merchants and Slaves,) and have taken up their Residence at a Place called Barcaderas, about 40 Miles up a narrow River full of Alligators; /Atkins 227 /// Though see [1735] There were about five hundred ""Merchants and Slaves"" in 1735 [in Hon] /v Bolland F 32 /Atkins 227"	###	
A 28	28	Pers	1 Aug 1722	Aug 1722	15 Aug 1722	380	Loggers	xnp	xnp	xxx	np	np	"MEXICO,1081,L.50 ff 306r—308r"	Barke B 121 fn 414	Sum = 300 Eng + 80 Neg	###	
A 29	29	Pers	1 Apr 1724	Apr 1724	26 Apr 1724	> 152	Sailors	xnp	xnp	xxx	np	np	"MEXICO,1017"	Calderon 100 no 47	"Declaración del primero [de los seis prisioneros hechos en el Cayo de la Aguada en 26 abril 1724], cuyo nombre no se sabe, porque huyó: ""...que hay un paquebote por cuenta del Rey, armado en Jamaica con 100 hombres y con 10 cañones; y una fragata con 40 hombres y 3 cañones, y está cerrado de popa a proa con la artillería entre puentes; una balandra de 4 cañones con 12 hombres de la Bermuda y 3 balandras más, las cuales declara que no sabe si tienen artillería; y un bergantín que no tiene artillería; y un inglés que se nos huyó, declara que está a bordo del paquebote, y dicho paquebote, los 100 hombres que tiene todos son marineros y en su declaración no sabe si es pagado del Rey o del comercio, y tiene dicho Paquebote 6 pedreros, y dentre del río hay 200 hombres armados poco más o menos, y que del primer rancho hay 13 millas distante del varadero, y al rancho que se le sigue que es a mano derecha hay de dicho rancho primero 29 millas, y seguidas se pueden transportar de un rancho a otro, por tierra, habiendo llegado al que hay del primero al segundo de 29 millas, y dicho paquebote tenía en el río uno s30 hombres y no sabe si habrán varado; y están uno de otro un tiro de escopeta, y que habrá en las rancherías 70 negros poco más o menos, y que sus amos los tienen armados porque somos sentidos por el inglés que se nos huyó, y que no sabe más de lo que ha declarado..."" /v Calderon 100 no 47 /MEXICO,1017 [a 26 abr 1724]"	###	
A 30	30	Pers	1 Apr 1724	Apr 1724	26 Apr 1724	200	Loggers	xnp	xnp	xxx	np	np	"MEXICO,1017"	Calderon 100 no 47	"Declaración del primero [de los seis prisioneros hechos en el Cayo de la Aguada en 26 abril 1724], cuyo nombre no se sabe, porque huyó: ""...que hay un paquebote por cuenta del Rey, armado en Jamaica con 100 hombres y con 10 cañones; y una fragata con 40 hombres y 3 cañones, y está cerrado de popa a proa con la artillería entre puentes; una balandra de 4 cañones con 12 hombres de la Bermuda y 3 balandras más, las cuales declara que no sabe si tienen artillería; y un bergantín que no tiene artillería; y un inglés que se nos huyó, declara que está a bordo del paquebote, y dicho paquebote, los 100 hombres que tiene todos son marineros y en su declaración no sabe si es pagado del Rey o del comercio, y tiene dicho Paquebote 6 pedreros, y dentre del río hay 200 hombres armados poco más o menos, y que del primer rancho hay 13 millas distante del varadero, y al rancho que se le sigue que es a mano derecha hay de dicho rancho primero 29 millas, y seguidas se pueden transportar de un rancho a otro, por tierra, habiendo llegado al que hay del primero al segundo de 29 millas, y dicho paquebote tenía en el río unos 30 hombres y no sabe si habrán varado; y están uno de otro un tiro de escopeta, y que habrá en las rancherías 70 negros poco más o menos, y que sus amos los tienen armados porque somos sentidos por el inglés que se nos huyó, y que no sabe más de lo que ha declarado..."" /v Calderon 100 no 47 /MEXICO,1017 [a 26 abr 1724]"	###	
A 31	31	Pers	1 Apr 1724	Apr 1724	26 Apr 1724	70	Slaves	xnp	xnp	xxx	np	np	"MEXICO,1017"	Calderon 100 no 47	"Declaración del primero [de los seis prisioneros hechos en el Cayo de la Aguada en 26 abril 1724], cuyo nombre no se sabe, porque huyó: ""...que hay un paquebote por cuenta del Rey, armado en Jamaica con 100 hombres y con 10 cañones; y una fragata con 40 hombres y 3 cañones, y está cerrado de popa a proa con la artillería entre puentes; una balandra de 4 cañones con 12 hombres de la Bermuda y 3 balandras más, las cuales declara que no sabe si tienen artillería; y un bergantín que no tiene artillería; y un inglés que se nos huyó, declara que está a bordo del paquebote, y dicho paquebote, los 100 hombres que tiene todos son marineros y en su declaración no sabe si es pagado del Rey o del comercio, y tiene dicho Paquebote 6 pedreros, y dentre del río hay 200 hombres armados poco más o menos, y que del primer rancho hay 13 millas distante del varadero, y al rancho que se le sigue que es a mano derecha hay de dicho rancho primero 29 millas, y seguidas se pueden transportar de un rancho a otro, por tierra, habiendo llegado al que hay del primero al segundo de 29 millas, y dicho paquebote tenía en el río uno s30 hombres y no sabe si habrán varado; y están uno de otro un tiro de escopeta, y que habrá en las rancherías 70 negros poco más o menos, y que sus amos los tienen armados porque somos sentidos por el inglés que se nos huyó, y que no sabe más de lo que ha declarado..."" /v Calderon 100 no 47 /MEXICO,1017 [a 26 abr 1724]"	###	
A 32	32	Pers	1 Oct 1724	Oct 1724	10 Apr 1725	<< 800	Loggers	xnp	xnp	R Valis	np	np	"MEXICO,1017"	Calderon 103 no 56	"DECRETO DEL MARQUES DE CASAFUERTE EN MÉJICO A 10-4-725. ""...que no he recibido noticio alguna de que en los citados parajes [Río de Valis] se hallen situados 800 ingleses, como expresa la Real Cédula [en Madrid a 11 dic 1724 /MEXICO,1017], por cuyo motivo, dudo que sea cierto, porque si esto fuese, me lo hubiera avisado con lapuntualidad que acostumbra el Governador, ... que no he sabido que los ingleses tengan en los contornos de Valis población formal, sino las rancherías que más de 50 años a esta parte han procurado sostener, para venir a robar el palo de tinta, aumentándose o disminuyéndose el número, según los descalabros que han experimentado, y conveniencia que les ha tenido el comercio de dicho palo, e informará con toda individualidad, qué gente ha podido saber se halla actualmente en aquel paraje, lo que dista de Campeche por tierra y por mar, ..."" /v Calderon 103 no 56 /MEXICO,1017 [a 10 abr 1725]"	###	
A 33	33	Pers	1 Mar 1726	Mar 1726	23 Mar 1726	42	Craft logging or trading	xnp	xnp	Valis	np	np	"MEXICO,1017"	Calderon 127 no 20	"DECLARACION DE RICARDO RANDEL, CAPITAN QUE DIJO SER DE LA GOLETA JORGE, EN EL SAN JUAN, FRENTE A COZUMEL A 23-3-726. ""...Preguntado qué número de embarcaciones se hallan en Valis, dijo que como 42 entre fragatas, bergantines, balandras y goletas, y que de éstas estaban prontas 14 ó 16 para hacerse a la vela, ya cargadas para Jamaica, Boston y Carolina, y que por isntantes están entrando y saliendo embarcaciones. Preguntado qué embarcaciones de fuerza se hallan en aquellos parajes y son del Rey, qué artillería y qué gente tienen, y qué efecto: dijo que se hallan allí anclado un navío del Rey de Inglaterra, que sirve de guardacostas de Jamaica, de 44 cañones montados de 12 y 9, con 250 hombres y 2 balandras de a 6 cañones, que sólo sirven para defender aquellos parajes de piratas levantados. /v Calderon 127 no 20 /MEXICO,1017 [a 23 mar 1726]"	###	
A 34	34	Pers	1 Mar 1726	Mar 1726	23 Mar 1726	600	English and Neg	xnp	xnp	Valis	np	np	"MEXICO,1017"	Calderon 128 no 20	"DECLARACION DE RICARDO RANDEL, CAPITAN QUE DIJO SER DE LA GOLETA JORGE, EN EL SAN JUAN, FRENTE A COZUMEL A 23-3-726. ... ""Preguntado qué número de gente se halla en dicho Valis, a qué efecto, y qué defensa tienen, dijo que habrá como 600 hombres entre ingleses y negros, sin los 250 del navío del Rey, y que éstos están al corte del palo de tinta, y que por lo que mira, están a su defensa, así los ingleses como los negros, están prevenidos de un fusil, un par de pistolas y un chafaronte cada uno. ..."" /v Calderon 128 no 20 /MEXICO,1017 [a 23 mar 1726]"	###	
A 35	35	Pers	1 Apr 1729	1 Apr 1729	15 Apr 1729	32	Works burnt	xnp	xnp	xxx	np	np	"MEXICO,1017"	Calderon xxx	"Sum = 23 Ranchos Poblados, 9 Ranchos despoblados."	###	
A 36	36	Pers	1 Apr 1729	1 Apr 1729	15 Apr 1729	62	Craft seized	xnp	xnp	xxx	np	np	"MEXICO,1017"	Calderon xxx	"Sum = 29 Bongos, 6 Piraguas, 3 Botes, 2 Lanchones, 7 Valandras, 8 Doris."	###	
A 37	37	Pers	24 Nov 1731	Nov 1731	27 May 1732	30	Persons remaining	xnp	xnp	"Honduras inc R Valis, New R, R Hondo"	np	np	Read’s Weekly Journal or British Gazetteer 375 3	xnp	"Extract of a Letter from Campeche in the Province of Yucatan, dated Nov. 24 [1731]. [S]uch as had escaped into the Woods came to this Resolution: They wrote to the Governor in June last, acquainting his Excellency, that they were willing to abandon these Places [Bay of Honduras, River of Valis, New River, River of Hondo], and begg'd of him that he would allow them Tim to transport themselves tot he Colonies of Great Britain; which he agreed to, and gave them to the last Day of January next for that Purpose: And this Agreement they have so far fulfilled, that at present by the last Accounts there scarce now remains in all those Parts 30 Persons and these under such Hardships, that they wish for nothing more, than an Opportunity to be gone. /Read’s Weekly Journal or British Gazetteer 375"	###	
A 38	38	Pers	22 Jul 1732	Jul 1732	22 Jul 1732	8 t 9	Baymen remaining	xnp	xnp	Honduras	np	np	Universal Spectator and Weekly Journal 198 3	xnp	"LONDON. By a Dutch Ship lately arrived at Amsterdam from the Bay of Honduras, we have Advice, that the Spaniards had visited that Bay once more; ... He says that he narrowly escaped being taken, that all the Bay Men were gone except eight or nine, who hide in the Woods till they can get an Opportunity of transporting themselves to some other Place more secure. /Universal Spectator and Weekly Journal 198"	###	
A 39	39	Pers	3 Oct 1733	Oct 1733	8 Oct 1733	2	Families remaining	xnp	xnp	Honduras	np	np	Weekly Rehearsal 106 2	xnp	"On Saturday last [3 Oct 1733] arrived here [Boston] the Brigantine Success, Johns Underwood Master, from the Bay of Honduras, who brings Advice, ... that most of the Bay-Men are gone to Merida and Campeche, with their Servants, &c. upon the Spaniards promising to employ them in cutting of Wood, and giving them leave to depart with their Effects, whenever they shall desire it, provided they do not return to the Bay. Thatt here are but two Families left in the Bay; ... /Weekly Rehearsal 106"	###	
A 40	40	Pers	1 Jun 1735	Jun 1735	21 Aug 1735	200	Loggers	xnp	xnp	Honduras	np	np	"JBOT 7 xxx [August 1735 -- Thursday, August 21st.]"	xnp	"Mr. Cunningham, Governor of Jamaica, attending, acquainted the Board that there are now no English at Campeachy, those formerly there being all carried away by the Spaniards, but that there are about 200 English settled at the Honduras. /JBOT 7 xxx"	###	
A 41	41	Pers	23 Feb 1743	23 Feb 1743	15 Feb 1743	400	White Baymen	xnp	xnp	Bellese	np	np	CO 137/57	Burdon 1 70	"1742-3, February 23rd. Mr. Gerrard's Paper relating to Rattan. ... Such Settlments [of Mosquito Shore and Rattan] would not provide homes for the 400 white Baymen of Bellese /v Burdon 1 70 /CO 137/57"	###	
A 42	42	Pers	1 Jun 1745	Jun 1745	15 Jun 1745	170	Inhabitants	xnp	xnp	Honduras	np	np	CO 137/48 [Inhabitants to Caulfield 8 Jun 1745]	Bolland 73	"1745, June 8th. Letter from the Inhabitants of the Bay of Honduras to Major Caulfield. ... We see in the Order of Council that We the Inhabitants of this Place shou'd be Assisted, and being now driven to the Highest distress that can be and reduced to a small quantity of People, not exceeding above Fifty white Men, and about a hundred and twenty Negroes /v Burdon 1 72 /CO 137/48"	###	
A 43	43	Trade	25 Mar 1750	25 Mar 1751	21 Apr 1751	xnp	xnp	"8,000"	Tun of Logwood	xxx	np	np	CO 137/57 [21 Apr 1751]	Burdon 1 77	"Robert Hodgson, Jamaica, to Mr. Aldworth. There was cut last year in the Bay of Honduras above 8000 Tun of Logwood, sold at an Average in England and elsewhere for at least £20 p. Ton. Total £160,000 a valuable sum ... the Consumption of all Europe, by what I can learn does not exceed 4000 Tun a Year, but the Baymen cut more or less every Year, as they are more or less interrupted, and in proportion to the Demand from the Merchants that Store it, who are now Stocked, I'm told, in England, for two or three years"	###	
A 44	44	Pers	14 Jul 1751	Jul 1751	10 Sep 1751	57	Merchant craft trading	xnp	xnp	Honduras inc Old R	np	np	Boston Gazette 1643 2	xnp	"BOSTON. Extract of a Letter from a Master of a Vessel at the old River, in the Bay of Honduras, to his Ownders here, dated July 16, 1751. THE Spaniards last Wednesday was Fortnight paid the New-River a Visit, ... The Number of Spaniards are 180. The English taken by them are 129.—They have sent in a Flag of Truce, ... —We have sent a Flag of Truce to them, but 'tis not yet returned.—One of the Prisoners who escaped from them, is just arriv'd, & gives an Acount, that they intend to pay us a Visit directly, which, if they do, they will meet with a warm Reception, for there are above 57 Sail here.—Their chief Force being but 180 Men, and seven Spanish Crafts. ... /Boston Gazette 1643"	###	
A 45	45	Pers	1 May 1752	May 1752	27 Nov 1752	5	Families remaining	xnp	xnp	"Honduras, Mosqueto"	np	np	New-York Mercury 16 2	xnp	"Copy of a Letter from Capt. McNamara, of the Friendship, arriv'd at Falmouth, from the Bay of Honduras, dated Sept. 22 [1752]. In my Way to the Bay, on the 1st of May last [1752], I called at the Musqueto Shore, in order to know how Matters were at the Bay, and immediately waited on Governor Pitt; who, to my Surprize, informed me that most of the Bay-men were there, being daily routed by the Spaniards. I saw likewise on Shore nineteen Masters of Vessels and eighty odd Seamen that had been taken by the Spaniards, and by them set on Shore almost naked, and that there were about five Families left in the Bay. ... /New-York Mercury 16"	###	
A 46	46	Pers	1 Apr 1754	Apr 1754	11 Nov 1828	210	"Baymen, principally slaves, engage in battle"	xnp	xnp	xxx	np	np	Antigua Weekly Register 15 759 4 = Hon Alm 1826 xxx	xnp	"HONDURAS. (From the Honduras Almanack for 1826.) Repeated attempts were made to drive by force the British from this part of the Continent, which their enterprising and hardy spirit always frustrated, ... but the Spaniards, availing themselves of the superior knowledge of the georgraphy of these countries, collected large force at the Town of Peten, situated in the interior, about 260 miles wet of Belize, who, after much preparation for the expedition, ... commenced the descent, and in the month of April, 1754, having reached within 80 miles of the town of Belize, 1500 men being the actual force, were brought to action, completely routed, and compelled to retreat by 210 of the English, principally slaves, who willingly and cheerfully followed the courageous example of their masters; /Antigua Weekly Register 15 759"	###	
A 47	47	Pers	1 Aug 1754	Aug 1754	15 Aug 1754	500	Whites and slaves	xnp	xnp	"Honduras, Mosquito inc Black R"	np	np	CO 137/60	Burdon 1 80	"William Pitt, Black River, Mosquito Shore, to Gov Knowles. ... Numbers of the Enemies Vessells have been Cruising about the Bay and have taken a number of Vessels, they have cut a path from Poten and march'd a number of men from Thence to the Houses of some of the Settlers in the Bay, where it was though impossible they ever could come, upon which the Bay Men assembled, engaged them and killed some, but being overpower'd by Number was Obliged to retreat in Order to assamble a greater number, which when they had done they march'd again to attack them but the Spaniards had quitted the place, they are all safe arrived here to about the number of 500 Whites and Slaves ... /Burdon 1 80 /CO 137/60 [1 Aug 1754]"	###	
A 48	48	Pers	1 Sep 1754	Sep 1754	28 Dec 1754	> 500	Baymen	xnp	xnp	"Honduras, Mosqueto"	np	np	London Evening Post 4234 1	xnp	"PLANTATION NEWS. ... Kingston in Jamaica, Oct. 2. A Vessel arrived Yesterday from the Musqueto Shore brings certain Advice, that the Baymen had deserted the Bay of Honduras, and, to the Number of 500, were actually arrived on the Musqueto Shore; that there remain in the Bay only ten or eleven very old Negroes, who rather chose to take their Chance than be removed to the Shore."	###	
A 49	49	Pers	2 Oct 1754	Oct 1754	31 Dec 1754	500	Baymen evacuated	xnp	xnp	"Honduras, Mosqueto"	np	np	London Evening Post 4234 3	xnp	"PLANTATION NEWS. Kingston in Jamaica, Oct. 2 [1754]. A Vessel arrived Yesterday from the Musqueto Shore brings certain Advice, that the Baymen had deserted the Bay of Honduras, and, to the Number of 500, were actually arrived on the Mosqueto Shore; that there remain in the Bay only ten or eleven very old Negroes, who rather chose to take their Chance than be removed to the Shore. Oct. 14 [1754]. Since writing on the 2d Instant another Vessel is arrived from the Musqueto Shore, by whom we have confirmed Advices of the Spaniards being in Possession of the Bay of Honduras; and that they then had there above 30 Sail of Vessels; and as the Spaniards have cut a Road into the Baymen's Works from the Country behind, cannot help being convinced they intend to keep Possession of it. /London Evening Post 4234"	###	
A 50	50	Pers	2 Oct 1754	Oct 1754	31 Dec 1754	10 t 11	very old Negroes remaining	xnp	xnp	"Honduras, Mosqueto"	np	np	London Evening Post 4234 3	xnp	"PLANTATION NEWS. Kingston in Jamaica, Oct. 2 [1754]. A Vessel arrived Yesterday from the Musqueto Shore brings certain Advice, that the Baymen had deserted the Bay of Honduras, and, to the Number of 500, were actually arrived on the Mosqueto Shore; that there remain in the Bay only ten or eleven very old Negroes, who rather chose to take their Chance than be removed to the Shore. Oct. 14 [1754]. Since writing on the 2d Instant another Vessel is arrived from the Musqueto Shore, by whom we have confirmed Advices of the Spaniards being in Possession of the Bay of Honduras; and that they then had there above 30 Sail of Vessels; and as the Spaniards have cut a Road into the Baymen's Works from the Country behind, cannot help being convinced they intend to keep Possession of it. /London Evening Post 4234"	###	
A 51	51	Pers	1 Jan 1755	Jan 1755	31 Jul 1784	906	Baymen	xnp	xnp	xxx	np	np	"SANTA_FE,L.758B [Doc. 46 ... a 31 jul 1784]"	Barke H 149	"Hombres blancos 232, Hombres mestizos y mulatos libres 13, Hombres esclavos 473, Hombres total 718, Mujeres y niños blancos 43, Mujeres y niños mestizos y mulatos libres 7, Mujeres y niños esclavos 138, Mujeres y niños total 188, TOTAL 906 /v Barke H 149 /SANTA_FE,758B"	###	
A 52	52	Trade	1 Jan 1755	Jan—Dec 1755	31 Jul 1784	xnp	xnp	"13,612"	palo de tinte [toneladas] que se exporto a Jamaica	xxx	np	np	"SANTA_FE,L.758B [Doc. 46 ... a 31 jul 1784]"	Barke H 149	"Cantidades de palo de tinte, extraído en el Golfo de Honduras y que se exportó en 1755 a Jamaica. DESTINO DE LA MERCANCÍA Y CANTIDAD EXPORTADA. Jamaica 2,746. Londres 1,785. Sucandina 60. Nueva York 3,750. Filadelfia 300. Río Dailan 1,870. Bristol 400. Segham 420. Holanda 1,771. Boston 810. TOTAL 13,612. /v Barke H 149 /SANTA_FE,L.758B"	###	
A 53	53	Pers	1 Sep 1755	Sep 1755	15 Oct 1755	300	White and Neg loggers	xnp	xnp	"R Valis, R Nuevo"	np	np	"MEXICO,3099 [a 15 oct 1755]"	Calderon 166 no 48	"EXTRACTO DE UNA CARTA DE MELCHOR DE NAVARRETE A JULIAN DE ARRIAGA, EN MERIDA A 15-10-755. ""Dice que 2 desertores ingleses, que hizo transportar allí, y habían ido en una fragata de Jamaica que estaba cargando de palo de tinte en el río de Valis, han declarado que en el Río Nuevo estaban establecidos 100 hombres blancos y 200 negros, que no hacen más que cortar palo. Que en la boca del río tienen 6 cañones de a 6 tendidos en tierra, para con ellos y más que esperan, hacer un fuerte para defender su entrada, y que en el desembarcadero tienen apiladas 3.000 balas la mayor parte de a 6. Que en la boca de Valis hay un fuerte de estacada que tiene montados 24 cañones de a 6, y 12 pedreros con tragantes con 40 soldados pagados con ración mensualmente de los almacenes del Rey, y 50 esquelines que son casi 11 pesos españoles, con uniforme del Regimiento de los Colorados, y que están dentro del Fuerte en rancherías de paja, donde está también alojado el ingeniero Johns, su Comandante. Que continúan el fuerte y tienen 12 cañones de a 6 tendidos para guarnecerle con otros que esperan por instantes, teniendo ocupados en esto a 60 indios mosquitos, y que las embarcaciones que allí vieron, fueron un manual o fragata de guerra con 150 hombres de guarnición y tripulación, la fragata que los condujo que fué de 22 cañones montados, y 28 hombres y un bergantín y una balandra comerciantes, con solas sus tripulaciones, y que esperaban otras embarcaciones de comercio de Inglaterra la Vieja y de la Nueva para cargar de palo, y refuerzo de gente, artillería, armas y municiones..."" /v Calderon 166 no 48 /MEXICO,3099 [a 15 oct 1755]"	###	
A 54	54	Trade	1 Jan 1756	Jan—Dec 1756	10 Feb 1783	xnp	xnp	"18,000"	Tuns [Logwood]	xxx	np	np	CO 123/2 [10 Feb 1783]	Burdon 1 134	"Memorial of His Majesty's Subjects driven from the Bay of Honduras in September 1779 on behalf of themselves and the Merchants formerly Trading to the said Bay. ... Prior to the settlement of his Mejesty's Subjects in the Bay of Honduras the price of Logwood in this Kingdom [Eng or Brit] was from £50 to £60 per Ton. From that time the price continued decreasing until 1749, when it was reduced to £25 per Ton. From 1749 the quantity continued increasing, and the price of course diminishing untill 1756, when they exported from Honduras 18,000 Tons per Annum at £11 per Ton. Lastly form their Re-establishment in the Bay in 1763, their Exportations of this Article became immense, in so much that there were from 40 to 75 Sail of Ships loading Continually in the Bay all year round, untill about the year 1770; during which time the price continued lowering, till it came to about £6 and £5 per Ton. By the foregoing immense exportation of this Article, and its importation into His Majesty’s Dominions the Supplies So far exceeded the home Consumption and all the Demands from abroad, and the Dealers and Speculators were so Overstocked with it, that from 1770 to 1772 there was not above 5 or 6 Sail of Ships loaded at a time, and the whole exportation did not exceed from 5,000 to 6,000 Tons. For the Market price here [Bay?] about 1772 became so low as not to pay the freights and Expences incurred in sending it home. From 1773 the price gradually rose, untill a little before and at the time of the rupture with France, when an extraordinary demand from that Country brought it up to £10 p. Ton. But that demand being answered, it immediately fell; and at the time the rupture with Spain took place, its price was onely £8. 10. p. Ton. ... /v Burdon 1 134 /CO 123/2"	###	
A 55	55	Pers	1 Jan 1757	Jan 1757	15 Jul 1757	30	Log works	xnp	xnp	"R Valis, R Nuevo"	np	np	"MEXICO,894,E.3"	Barke H 182	"Gracias a las declaraciones tomadas a 40 prisioneros se supo de la ubicación de varias rancherías clandestinas de ingleses. El prisionero Guillermo Cothon, aprehendido entres los ríos Valis y Nuevo -a 20 leguas de la villa de Bacalar-, odnde había más de 30 establecimientos. Dijo que era esclavo de un inglés llamado Ricardo Kale y junto con un grupo de 70 u 80 negros se encontraba cortando madera para transportarla en siete piraguas hasta la desembocadura de los ríos y de ahí llevarla a Jamaica. Asimismo, al preguntarle a Miguel Posel, también dijo haber sido capturado en el mismo lugar que su compañero y que él vivía en uno de varios ranchos -alrededor de 30- en el que habitaban 10 u 11 negros esclavos, ... Aseguró que no había ""fortificación alguna""; la que se contruyó en algún momento ya había sido demolida. Declaraciones similares hicieron Joseph Maticos -éste esclavo de don Domingo Alamilla-, Pedro Lafon, Juan Pedro, Diego Nood, un gentil llamado Cristóbal -esclavo de Guillermo Thoker-, Joseph -esclavo de Juan Pitie, Juan -también esclavo de Ricardo Kale- y otros esclavos, ... /v Barke H 182 /MEXICO,894,E.3"	###	
A 56	56	Pers	1 Jan 1757	xxx	15 Jul 1757	"1,500"	Men	xnp	xnp	Honduras	np	np	xxx	Burke 93 / Burdon 1 p93	"Tally source not certain after perusal of main sources per F. P. Lock, *Edmund Burke, Volume I: 1730-1784* [sl, sn, sd] ch 5, DOI: 10.1093/acprof:oso/9780199226634.001.0001, Link: https://oxford-universitypressscholarship-com.ezp-prod1.hul.harvard.edu/view/10.1093/acprof:oso/9780199226634.001.0001/acprof-9780199226634-chapter-5 /// They [logwood cutters settled upon the gulph of Honduras] go always well armed, and are about one thousand five hundred men /Burke 93 /// To the Hon. Sir William Burnaby ... The Humble Representation and Petition of the Merchants of Kingston ... The 22 vessels of from 50 to 500 tons burden and the 1,500 logwood cutters are anxious to continue the [logwood] trade but the Gov of Yuc has ordered them [loggers] to leave the Rio Honda, New River, Rowley's Bite and other places, /v Burdon 1 93 /ADM 1/238 [10 Apr 1764]"	###	
A 57	57	Pers	26 Feb 1763	26 Feb 1763	15 Feb 1763	300	Whites and slaves	xnp	xnp	xxx	np	np	"MEXICO,3099 f 1135"	Contreras 68	"Sum = 300 men in 32 logger companies = 86 log works = 27 sloops, schooners, and some sm boats ≥ 1,000 Pilas"	###	
A 58	58	Pers	1 Nov 1763	Nov 1763	12 Mar 1764	300	White and Neg loggers	xnp	xnp	Honduras fm R Walis to R Hondo	np	np	"MEXICO,3099"	Calderon 199 no 28	"REMIREZ DE ESTENOZ A ARRIAGA, EN MERIDA A 12-3-764. ""... desde el mes de Abril del año pasado de 1763, se hallaba crecido número de ellos [ingleses] establecidos desde el río de Walis hasta río Hondo, ... (después de 8 meses, que con gran libertad disfrutaban el corte y saca de palo particularmente del expresado Río Hondo, que según noticias que adquirió el Comandante de Bacalar, tenía en él 32 ranchos o cuadrillas de gante, que comopndrían 300 hombres entre blancos y negros, 86 barracas entre grandes y pequeñas, establecidos sobre el río, 27 balandras y goletas, algunos pequeños barcos, y que pasaban de 1.000 entre mayores y menores las pilas de palo) /v Calderon 199 no 28 /MEXICO,3099 [a 12 mar 1764]"	###	
A 59	59	Pers	1 Apr 1764	Apr 1764	10 Apr 1764	"1,500"	Loggers	xnp	xnp	xxx	np	np	ADM 1/238 [10 Apr 1764]	Bowett 156	"In 1764 at least 1,500 cutters were working from Belize, providing regular employment for twenty two vessels from 50 to 500 tons burden. /v Bowett 156 /ADM 1/238"	###	
A 60	60	Pers	1 Jan 1765	Jan–Dec 1765	15 Jul 1765	191	Craft logging or trading	xnp	xnp	xxx	np	np	xxx	Contreras 68	"Sum = 81 fragatas + 40 bergantinas + 20 balandras + 50 goletas y bongos / capacidad de 10 hasta las 36 toneladas cada una de las embarcaciones / Possibly see Florescano y Gil, “Discurso sobre la constitución de las provincias de Yucatán y Campeche”, p 214 /v Contreras 68"	###	
A 61	61	Trade	25 Mar 1765	Mar–Sep 1765	7 Oct 1765	"401,231"	feet of Mahogany	"7,449"	Tons of Logwood	xxx	np	np	CO 137/62 [7 Oct 1765]	Bolland C 59	"It was reported in 1765 that between 25 March and 25 September there was loaded in the Bay '7,449 Tons of Logwood, and 401,231 feet of Mahogany which at £7.10 per Ton for Logwood and ten pence per foot for Mahogany, the Current prices those commoditys bear at present in London, amount to near Seventy three Thousand pounds Sterling.' /v Bolland C 59 /CO 137/62 [Maud to Littelton 7 Oct 1765]"	###	
A 62	62	Pers	1 Mar 1767	Mar 1767	11 May 1767	88	Craft logging or trading	xnp	xnp	Honduras	np	np	New-York Gazette 422 2	xnp	"CHARLES-TOWN, (S. Carolina,) April 13, ... Capt. Dawson, who arrived here last Friday [10 Apr 1767] last from the Bay of Honduras, informs, that he left 70 Sail of English Vessels in that Bay, and 18 more were daily expected from Jamaica;"	###	
A 63	63	Trade	1 Jan 1770	Jan 1770—1772	10 Feb 1783	xnp	xnp	"5,000 t 6,000"	Tons [Logwood]	xxx	np	np	CO 123/2 [10 Feb 1783]	Burdon 1 134	xxx	###	
A 64	64	Pers	1 Apr 1771	Apr 1771	11 May 1771	600	English men [fit for combat?]	xnp	xnp	Walis	np	np	"MEXICO,3099"	Calderon 215 no 64	"ANTONIO OLIVER A ARRIAGA, EN MERIDA A 11-5-771. ""Habiendo recibido antes de ayer con carta del Comandante del Fuerte de Bacalar la noticia de que los ingleses de Walis tiene formado proyecto de invasión por la inmediata costa del Leste con 600 hombres nacionales, y 300 indios mosquitos, destaqué inmediatamente al Teniente Coronel de Ingenieros D. Juan de Dios González ..."" /v Calderon 215 no 64 /MEXICO,3099 [a 11 may 1771]"	###	
A 65	65	Trade	1 Jan 1778	Jan—Dec 1778	10 Feb 1783	"70,000"	tons [Mahogany]	"7,000"	tons [Logwood]	xxx	np	np	CO 123/2 [10 Feb 1783]	Burdon 1 134	"1783, February 10th. Robert White to Sec. Townsend. ... gives the following figures for the annual timer trade of the Settlement [Hon] :— Logwood ... ... 7,000 tons. Mahogany ... ... 70,000 tons. /v Burdon 1 135 /CO 123/2"	###	
A 66	66	Pers	1 Aug 1779	Aug 1779	3 Sep 1779	"3,500"	English and Neg	xnp	xnp	"St. George's Key, Rivers to 100 t 200 miles inc R Honde, New R, Rowley's Bight, Northern R, Belize R, Chaboon R, Manatee Lagoon"	np	np	CO 137/75 [3 Sep 1779]	Bolland C 65	"The English Settlers with their Wives Children and Domesticks, live on St. George's Key, where there is an exceeding good Harbour, at present defenceless ... although this Key is the general place of residence of the Settlers, yet they have Plantations which they visit occasionally, where they employ their Slaves in raising Provisions and cutting Logwood - these Plantations excent along the banks of several Rivers, such as Rio-Honde, New-River, Rowley's-Bight, Northern River, Belize-River, Chaboon River and Manatee Lagoon, for 100 Miles and upwards;- the Banks of the Belize in particular are settled above 200 Miles. The number of English on the Bay may amount to five hundred, 200 of which are able to bear arms; their Slaves of different Ages and Sexes to three thousand, of these there may be 500 to be depended on. The Indians who live near the English are so inconsiderable that it is unnecessary to take any notice of them. /v Bolland C 65 /CO 137/75 [sn to Dalling 3 Sep 1779]"	###	
A 67	67	Pers	1 Aug 1779	Aug 1779	28 Aug 1779	700	Men fit for combat	xnp	xnp	"Honduras, St. George’s Key"	np	np	CO 137/75	Burdon 1 127	"1779, August 28th. Enclosure in Gov. Dalling to Lord George Germain. Reports conference with two Honduras settlers, Capt. Hoare and Dr. Jackson, ... Contains proposals for an expedition against Bacalar. Guns, arms and 100 Regulars to be sent to St. George's Key and to be reinforced there by some 200 Baymen and 500 slaves, with a detachment of Settlers and Indians fromt he Moskito Shore. /v Burdon 1 127 /CO 137/75"	###	
A 68	68	Pers	1 Sep 1779	Sep 1779	xxx	> 730	Houses	xnp	xnp	"R Nuevo, Cayo Cocinas, R Chevun, R Norte"	np	np	"MEXICO,3155"	Calderon 246	"Los españoles destruyeron [en río Nuevo] enteramente 17 establecimientos de cortes de palo de tinta, y en ellos 338 casas, ... se destruyé [en Cayo Cocinas] a fuego toda la población [de Cayo Cocinas] compuesta de más de 200 casas, que aunque de madera era de no vulgar arquitectura. ... [en río Chevun, Capitán D. José Urrutia dejó] reducidas a cenizas 134 casas. En fin, al restituirse la expedición a Bacalar se incendiaron de 50 a 60 habitaciones de que se componían 3 ranchos que eran los únicos que los ingleses tenían en el río del Norte; con lo que ha quedado la provincia de Campeche enteramente limpia de enemigos. /v Calderon 246 /MEXICO,3155 [Relación para la Gaceta de las operaciones en Walix durante los meses de octubre y noviembre de 1779]"	###	
A 69	69	Pers	1 Sep 1779	Sep 1779	xxx	> 300	Slaves	xnp	xnp	Cayo Cocina	np	np	"MEXICO,3155"	Calderon 246	"Todos los vecinos de esta población [Cayo Cocina] con más de 300 esclavos, ... /v Calderon 246 /MEXICO,3155 [Relación para la Gaceta de las operaciones en Walix durante los meses de octubre y noviembre de 1779]"	###	
A 70	70	Pers	15 Sep 1779	15 Sep 1779	1 Oct 1779	341 t 391	Inhabitants	xnp	xnp	St. George's Key	np	np	CO 137/75	Burdon 1 129	"1779, October 1st. An account of the Spaniards' landing at and taking of St. George's Key by the subscriber (Edward Felix Hill) who was then ont he place and an inhabitant. On Wednesday September 15th, 1779, ... N. B. There were 101 White People on the Key when it was taken and 40 of Mixed colour. [and c 250 mostly house negroes, since Neg slaves that cut logwood were then up the River Belize]. /v Burdon 1 129 /CO 137/75"	###	
A 71	71	Trade	1 Mar 1784	Mar 1784—1785	8 Sep 1790	"2,000,000"	pies superficiales de caoba	"1,000"	toneladas de palo de tinta	xxx	np	np	"MEXICO,3023 [Gálvez a Alange a Mérida a 8 sep 1790]"	Calderon 367	"“deducido de los mejores cálculos que es posible hacer,” in ESTADO DE LAS EXPORTACIONES BRITANICAS EN BELICE, EN MERIDA A 8-9-790, annexed to MEXICO,3023 item"	###	
A 72	72	Trade	1 Mar 1785	Mar 1785—1786	8 Sep 1790	"2,500,000"	pies superficiales de caoba	"1,200"	toneladas de palo de tinta	xxx	np	np	"MEXICO,3023 [Gálvez a Alange a Mérida a 8 sep 1790]"	Calderon 367	"“deducido de los mejores cálculos que es posible hacer,” in ESTADO DE LAS EXPORTACIONES BRITANICAS EN BELICE, EN MERIDA A 8-9-790, annexed to MEXICO,3023 item"	###	
A 73	73	Trade	1 Mar 1786	Mar 1786—1787	8 Sep 1790	"3,000,000"	pies superficiales de caoba	"1,500"	toneladas de palo de tinta	xxx	np	np	"MEXICO,3023 [Gálvez a Alange a Mérida a 8 sep 1790]"	Calderon 367	"“deducido de los mejores cálculos que es posible hacer,” in ESTADO DE LAS EXPORTACIONES BRITANICAS EN BELICE, EN MERIDA A 8-9-790, annexed to MEXICO,3023 item"	###	
A 74	74	Trade	1 Mar 1787	Mar—Oct 1787	8 Sep 1790	"2,000,000"	pies superficiales de caoba	"1,000"	toneladas de palo de tinta	xxx	np	np	"MEXICO,3023 [Gálvez a Alange a Mérida a 8 sep 1790]"	Calderon 367	"“deducido de los mejores cálculos que es posible hacer,” in ESTADO DE LAS EXPORTACIONES BRITANICAS EN BELICE, EN MERIDA A 8-9-790, annexed to MEXICO,3023 item"	###	
A 75	75	Pers	1 Jun 1787	Jun 1787	15 Jul 1788	"1,200"	Baymen	xnp	xnp	"Mosquito, Honduras"	np	np	Savannah-la-Mar Gazette 1 29 3	xnp	"Savanna-la-Mar-Gazette. TUESDAY, JULY 15, 1788. ... The following is a correct statement of the number of people removed from the Musquito-Shore to the Bay of Honduras: Free men, women, and children 535 / Slaves of different sexes 1673 / Which with the old inhabitants of the Bay, numbering about 1200 / Make a total of 3408"	###	
A 76	76	Pers	1 Jul 1787	Jul 1787	15 Jul 1788	"2,208"	Evacuees from Mosquito Shore	xnp	xnp	"Mosquito = Moskito, Honduras"	np	np	Savannah-la-Mar Gazette 1 29 3 / CO 123/6 [Jul 1787]	Burdon 1 162	"Savanna-la-Mar-Gazette. TUESDAY, JULY 15, 1788. ... The following is a correct statement of the number of people removed from the Musquito-Shore to the Bay of Honduras: Free men, women, and children 535 / Slaves of different sexes 1673 / Which with the old inhabitants of the Bay, numbering about 1200 / Make a total of 3408 /// 1787, July. Disposal of Moskito Shore Settlers. States that 537 white and free persons and 1,677 slaves from the Moskito Shore have settled in the Bay territory. /v Burdon 1 162 /CO 123/6 /// Though see [1787] 2,650 people were evacuated from the Mosquito Shore in 1787, 2,214 of them were removed tot he Bay of Honduras. These newcomers were said to outnumber the original residents of the Bay by five to one. Though over three-quarters of the evacuees were slaves, among the free were men who would come into competition with the recently resettled old Batmen over locations [works]. /CO 123/5 [Despard 23 Feb 1787] /v Bolland F 31–32"	###	
A 77	77	Pers	1 Aug 1787	Aug 1787	20 Aug 1787	"2,250"	Evacuees from Mosquito Shore	xnp	xnp	Mosquitos	np	np	"MEXICO,3023 [Grimarest a Sonora a Bacalar a 20 ago 1787]"	Calderon 233	"las familias del territorio de Mosquitos, [siendo] el número de éstas y el de sus negros esclavos a 2.250 personas, ... /v Cardona 326 /MEXICO,3023"	###	
A 78	78	Trade	1 Oct 1787	Oct 1787—1788	8 Sep 1790	"5,271,275"	pies superficiales de caoba	"1,766"	toneladas de palo de tinta	xxx	np	np	"MEXICO,3023 [Gálvez a Alange a Mérida a 8 sep 1790]"	Calderon 367	"“una cuenta exactamente observada,” in ESTADO DE LAS EXPORTACIONES BRITANICAS EN BELICE, EN MERIDA A 8-9-790, annexed to MEXICO,3023 item"	###	
A 79	79	Trade	1 Jan 1788	Jan—Dec 1788	8 Oct 1789	"5,500,000"	pies de caoba	"2,000"	toneladas de palo de tinta	xxx	np	np	"MEXICO,3108 [Gálvez a Valdés a Mérida a 8 oct 1789]"	Calderon 361	"El año pasado de [17]88 ... salieron para Jamaica y Europa como 50 embarcaciones mayores de 150 toneladas, y como 40 menores, cargadas todas con cinco millones y medio de pies de caoba (cada pie de caoba es un pedazo de madera de un pie de largo, otro de ancho y una pulgada de profundidad) y cerca de 2.000 toneladas de palo de tinte. /v Calderon 361 /MEXICO,3108 [Gálvez a Valdés a Mérida a 8 oct 1789]"	###	
A 80	80	Trade	1 Oct 1788	Oct 1788—1789	8 Sep 1790	"6,054,215"	pies superficiales de caoba	"2,462"	toneladas de palo de tinta	xxx	np	np	"MEXICO,3023 [Gálvez a Alange a Mérida a 8 sep 1790]"	Calderon 367	"“una cuenta exactamente observada,” in ESTADO DE LAS EXPORTACIONES BRITANICAS EN BELICE, EN MERIDA A 8-9-790, annexed to MEXICO,3023 item"	###	
A 81	81	Trade	1 Jan 1789	Jan—Dec 1789	1 May 1790	"6,200,000"	pies de caoba	xnp	xnp	xxx	np	np	"MEXICO,3023 [Gálvez a Alange a Mérida a 8 sep 1790]"	Calderon 367	"EXTRACTO DEL DIARIO DE LLOBET EN BACALAR A 1-5-790. ... La caoba en el año pasado de [17]89 me aseguran ascendió su extracción dirigida a Jamaica y Europa a 6.200.000 pies ... y que en este año de [17]90 llevan ya remitidos a los mismos destinos 2.647.000. No comercian con otra nación que con la suya, pero no con sus colonos americanos, pues no quieren trato ni comunicación con ellos. /v Calderon 367"	###	
A 82	82	Pers	1 Sep 1789	Sep 1789	8 Oct 1789	"3,200"	Residents	xnp	xnp	"Sibún, Walix, R Norte, R Nuevo, R Corozal, Ensenada de la Viuda, R Hondo"	np	np	"MEXICO,3106 [Gálvez a Valdés a Mérida a 8 oct 1789]"	Calderon 360 no 6	"El ""Informe"" que me ha dado D. Juan Bautista Gual ... es el siguiente: El número de almas en los establecimientos ingleses que acabo de visitar, asciende sobre muy corta diferencia a 3,200, siendo como la quinta parte de ingleses, las tres quintas de negros, y los restantes de mulatos, mestizos y demás castas. Los cortadores o sujetos que son dueños de cortes llegan a 66; a saber: 7 en el Sibún, 38 en el Walix, 1 en Río Norte, 19 en Río Nuevo, inclusos el del Corozal, y el de la Ensenada de la Viuda, y 1 en Río Hondo. Los negros, exceptuando un número muy corto de libres, son todos los demás esclavos. El principal establecimiento es el de la boca de Walix, en donde habitan cerca de 2.000 almas, y allí es el lugar de comercio, de que se provee todo de los establecimientos; pero con el motivo de haber bajado mucho el precio de la caoba y el palo de tinte que son los renglones activos de comercio, padecen una grande inopia al presente de víveres, y ropas; de manera que sólo vi cinco tiendas mestizas, cuyo general valor, aun estimando los géneros en el subido precio a que los venden, ascenderá a 8.000 pesos fuertes; sin que haya otros depósitos, ni almacenes que las referidas tiendas./v Calderon 360 no 6 /MEXICO,3106 [Gálvez a Valdés a Mérida a 8 oct 1789]"	###	
A 83	83	Trade	1 Oct 1789	Oct 1789—10 Apr 1790	8 Sep 1790	"1,897,000"	pies superficiales de caoba	940	toneladas de palo de tinta	xxx	np	np	"MEXICO,3023 [Gálvez a Alange a Mérida a 8 sep 1790]"	Calderon 367	"“una cuenta exactamente observada,” in ESTADO DE LAS EXPORTACIONES BRITANICAS EN BELICE, EN MERIDA A 8-9-790, annexed to MEXICO,3023 item"	###	
A 84	84	Pers	1 Aug 1790	Aug 1790	8 Sep 1790	"2,997"	Residents	xnp	xnp	"R Subún, Monkey Creek, R Walis, Salt Creek, Midwinters Lagoon, R Norte, Rowleys Bight, R Nuevo, Laguna Grande o del Tipú"	np	np	"MEXICO,3023 [Gálvez a Alange a Mérida a 8 sep 1790]"	Calderon 365 no 14	"RELACION GENERAL DE LOS HABITANTES BRITANICOS. ""...Resumen de la Totalidad. Río Subún, Monkey Creek y su Estero: A) Personas libres: ... total 31. B) Esclavos: ... total 141 ... Río de Walis y su Brazo: A) Personas libres ... total 516. B) Esclavos: ... total 1.273. ... Salt Creek, Midwinters Lagoon, Río Norte, Rowleys Bight, Río Nuevo y Laguna Grande o del Tipú: A) Personas libres: ... total 215. B) Esclavos: ... total 821. ... Totales generales: A) Personas libres: 384 hombres, 222 mujeres, 156 niños: total 762. B) Esclavos: 1.256 hombres, 554 mujeres, 413 niños: total, 2.235. ... /v Calderon 365 /MEXICO,3023 /// EXTRACTO DEL DIARIO DE LLOBET EN BACALAR A 1-5-790. ... El principal establecimiento se halla sobre las dos márgene en la boca del Río Walix compuesto sin plazas, calles, buen orden, ni simetría, de 138 entre casas y chozas. Las 102 son construídas de cuartones bien escuadreados (toda su armadura) y con tablas de pino forman paredes, techos, suelos, y apartamientos. ... Los dueños de corte son en todos 97... Todos éstos por tiempos abastecen sus ranchos conduciendo Pipanes o Cayucos a los ríos Sibún y Valix, harina, vino, aguardiente, carne y puerco salado, y a los demás ríos en Balandras o Goletas sujetos a la infinita lentitud de solos dos remos que las van llevando contra corriente; ... Los otros ranchos no son de cortadores, sus dueños son unos infelices que acomodados a una vida ociosa se mantienen únicamente con plátanos, macales, yuca y otras raíces. ... Hay cuatro tiendas que en ellas se encuentra loza ordinaria, galletas, pólvora, perdigones, bretañas, sarazas bastas, carne salada y otras menudencias, como navajas, agujas, candados, etc. El total valor de las cuatro juzgo será el de 5 a 6.000 pesos. /v Calderon 366 /MEXICO,3023"	###	
A 85	85	Trade	1 Jan 1791	Jan—Dec 1791	25 Jul 1792	"3,908,000"	pies de caoba	"1,392"	toneladas de palo de Campeche y de mora	xxx	np	np	"MEXICO,3025 [Bargas a Alange a Mérida a 7 dic 1792]"	Calderon 393	"INFORME DE GUAL EN BACALAR A 25-7-792. [H]e deducido, que en el año próximo pasado [1791] salieron de los establecimientos para Inglaterra, y un pequeño número para Jamaica, 49 embarcaciones con 3.908.000 pies de caoba ... y 1.392 toneladas de palo de Campeche y de mora; desde 1 de enero hasta 15 de abril de este año [1792] 33 embarcaciones con 2.594.000 pies de caoba, y 810 toneladas de palo de Campeche y mora; ... /v Calderon 393 /MEXICO,3025"	###	
A 86	86	Loan	1 Dec 1791	xxx	xxx	xxx	For expenses incurred in taking 217 French Neg at English Caye to Jamaica	xnp	xnp	xxx	20	Baymen	"MM A1 [2 Apr, 7 Jun 1794] / MM A2 [19 Aug 1796] / MM C [25 Feb 1817]"	"Burdon 1 209, 221 / Burdon 2 193"	"20 percent dividend may have been ad hoc, since on 19 Aug 1796 Magistrates resolved to make a grant < [J?] £110 to subscribers of loan"	###	
A 87	87	Trade	1 Jul 1792	Jul 1792	25 Jul 1792	< 12.000	"interés de tiendas en la boca del Valis, en pesos fuertes"	xnp	xnp	xxx	np	np	"MEXICO,3025 [Bargas a Alange a Mérida a 7 dic 1792]"	Calderon 394	"INFORME DE GUAL EN BACALAR A 25-7-792. En la población de la boca del Valis que es la principal, sólo había 5 que pudieran llamarse tiendas, y dudo que el total interés de ellas ascienda a 12.000 pesos fuertes. Los efectos según buenos informes se reducían a alguna loza (pero no vajillas completas), caldos, lienzos, hierros de campo, y otras frioleras, para el uso y trabajo de los habitantes, ... /v Calderon 394 /MEXICO,3025"	###	
A 88	88	Loan	22 Jan 1798	xxx	xxx	£200.00	xxx	xnp	xnp	xxx	xxx	Superintendent	MM A2 [22 Jan 1798]	Burdon 1 243	Loan details not given in MM A2 /v Burdon 1 xxx	###	
A 89	89	Loan	21 Jul 1798	xxx	xxx	xxx	For the cost of equipping gun boats	xnp	xnp	xxx	xxx	Baymen	MM A2 [21 Jul 1798]	Burdon 1 248	"In view of the low state of Public Funds, to be repaid when funds should be available"	###	
A 90	90	Trade	1 Jan 1802	Jan—Dec 1802	3 Dec 1803	"> 12,000"	tons of shipping employed in Hon—GB trade	"18,000 t 20,000"	£ income to Hon fm Mahorany	xxx	np	np	ML B [3 Feb 1803]	Burdon 2 63	"Magistrates to Col Barrow. ... Pointing out that the value of the cargoes [of two ships, some of whose crews recently impressed by Capt Cotterell of HMS Stork] amouns to £20,000 and that the duty payable on the Mahogany on board is over £1,500: that at a moderate estimate the annual revenue from that single article is between £18,000 and £20,000, and that the quantities of British articles consumed and the shipping employed upward of 12,000 tons,—and the 2500 seamen to whom the trade gives employment ... /v Burdon 2 /ML B"	###	
A 91	91	Pers	1 Nov 1805	Nov 1805	5 Feb 1806	"6,000"	Residents	xnp	xnp	xxx	np	np	ML C [5 Feb 1806]	Burdon 2 90	"5 Feb 1806 Agent in Lon to Magistrates.  Has reported population of Settlement to Board of Trade to be: White Population 150, People of Colour and free Negroes 1050, Men Slaves 3500, Women and Children Slaves 1300, [Total] 6000 /v Burdon 2 /ML C"	###	
A 92	92	Fin	21 Mar 1808	Mar 1808–09	9 May 1808	"2,800"	J £ in expences	xnp	xnp	xxx	np	np	MM B [9 May 1808]	Burdon 2 118	"9 May 1808 Mag Mtg. Supposed Expenses for 1808. Public Office Accts Annually £600, Gun Boats repairs and ware and tare £1,200, Repairs of Public Bldgs £750, Ballast to be hove on the Public Ground and Bridge £100, Incidental for humane and charitable purposes £150, [Total] £2800 Jamaica Currency. /v Burdon 2 /MM B"	###	
A 93	93	Loan	12 Aug 1812	xxx	xxx	£700.00	"For the cost of repairing gun carriages, building new platforms, furnaces for heating of shot at Fort George and two Forts south of Belize Town"	xnp	xnp	xxx	6	xxx	MM B [12 Aug 1812]	Burdon 2 156	For term not less than twelve months	###	
A 94	94	Loan	6 Aug 1814	xxx	xxx	"£3,000.00"	For provision of a House at Belize Town for residence of HM Sup Mjr George Arthur	xnp	xnp	xxx	6	xxx	"MM B [6, 25 Aug 1814]"	Burdon 2 169	xxx	###	
A 95	95	Fin	6 Jan 1815	Jan 1815	6 Jan 1815	"10,000"	Pounds debt	xnp	xnp	xxx	np	np	MM B [9 Jan 1815]	Burdon 2 174	"6 Jan 1815 Sup to Pub Mtg. “... a Debt has been contracted to the Amount of nearly 10,000 Pounds, which in honour the Public is bound to liquidate ...” /v Burdon 2 /MM B"	###	
A 96	96	Fin	3 Nov 1828	Nov 1828	3 Nov 1828	"> 11,000"	Pounds debt	"4,780"	Pounds assets	xxx	np	np	MM G [3 Nov 1828]	Burdon 2 303	"3 Nov 1828 Leg Ass. Pub Treasurer reports low state of finances of the country, Public Debt exceeded £11,000 and assets amounted to £4,780, ... /v Burdon 3 303 /MM G"	###	
A 97	97	Fin	1 Jan 1826	Jan—Dec 1826	6 Oct 1829	"10,044.19.7"	Pounds expenditure excluding militia and non-recurrent expences	"12,640"	Pounds expenditure on militia and non-recurrent expences	xxx	np	np	R 2 [6 Oct 1829]	Burdon 2 311	"6 Oct 1829 Report. Expenditure 1826, £22,684. 19s. 7d., including £12,640 for Militia and non recurrent expences. Expenditure 1827, £19,721. 15s. 9d., including £10,370 for Jail, Haulover Raod, Town Clock and other non recurrent expenses. Expenditure 1828, £16,275. 1s. 11d, including £4,600 for purchase of land and non recurrent expenses in connection with printin establishment and Town Clock. ... The average revenue for the three years is £16,800. 18s. 11d. /v Burdon 2 /R 2"	###	
A 98	98	Fin	1 Jan 1827	Jan—Dec 1827	6 Oct 1829	"9,342.15.9"	Pounds expenditure excluding non-recurrent expences	"10,370"	"Pounds expenditure on non-recurrent expences inc Jail, Haulover Road, Town Clock"	xxx	np	np	R 2 [6 Oct 1829]	Burdon 2 311	"6 Oct 1829 Report. Expenditure 1826, £22,684. 19s. 7d., including £12,640 for Militia and non recurrent expences. Expenditure 1827, £19,721. 15s. 9d., including £10,370 for Jail, Haulover Raod, Town Clock and other non recurrent expenses. Expenditure 1828, £16,275. 1s. 11d, including £4,600 for purchase of land and non recurrent expenses in connection with printin establishment and Town Clock. ... The average revenue for the three years is £16,800. 18s. 11d. /v Burdon 2 /R 2"	###	
A 99	99	Fin	1 Jan 1828	Jan—Dec 1828	6 Oct 1829	"11,675.1.11"	Pounds expenditure excluding non-recurrent expences	"4,600"	"Pounds expenditure on non-recurrent expences inc land purchase, printing press, Town Clock"	xxx	np	np	R 2 [6 Oct 1829]	Burdon 2 311	"6 Oct 1829 Report. Expenditure 1826, £22,684. 19s. 7d., including £12,640 for Militia and non recurrent expences. Expenditure 1827, £19,721. 15s. 9d., including £10,370 for Jail, Haulover Raod, Town Clock and other non recurrent expenses. Expenditure 1828, £16,275. 1s. 11d, including £4,600 for purchase of land and non recurrent expenses in connection with printin establishment and Town Clock. ... The average revenue for the three years is £16,800. 18s. 11d. /v Burdon 2 /R 2"	###	
A 100	100	Fin	1 Jan 1826	Jan 1826—Dec 1828	6 Oct 1829	"16,800.18.11"	"Pounds revenue, average of"	xnp	xnp	xxx	np	np	R 2 [6 Oct 1829]	Burdon 2 311	"6 Oct 1829 Report. Expenditure 1826, £22,684. 19s. 7d., including £12,640 for Militia and non recurrent expences. Expenditure 1827, £19,721. 15s. 9d., including £10,370 for Jail, Haulover Raod, Town Clock and other non recurrent expenses. Expenditure 1828, £16,275. 1s. 11d, including £4,600 for purchase of land and non recurrent expenses in connection with printin establishment and Town Clock. ... The average revenue for the three years is £16,800. 18s. 11d. /v Burdon 2 /R 2"	###	
A 101	101	Fin	1 Dec 1829	Dec 1829	27 Jan 1830	"c 20,000"	Pounds debt	xnp	xnp	xxx	np	np	R 6C [27 Jan 1830]	Burdon 2 318	"27 Jan 1830 Sup to Sec of State. Reports Lt Col MacDonald had brought to light the fact that the public debt amounts to about £20,000 instead of £8,000 as had been supposed. /v Burdon 2 /R 6C"	###	
A 102	102	Loan	3 Nov 1830	xxx	xxx	"£5,000.00"	xxx	xnp	xnp	xxx	≤ 10	London	"LM A [3, 4 Nov 1830] / R 6C [8 Nov 1830]"	Burdon 2 325–326	"3 or 4 Nov 1830 Pub Mtg. Authorise Mags to raise loan of £5,000 Currency at interest not greater than 10%. Sup approves. /v Burdon 2 325 /LM A /R 6C [8 Nov 1830]"	###	
A 103	103	Loan	8 Nov 1843	xxx	xxx	"£3,946.13.4"	For a Dredging Machine for deepening the Bar of the [Belize] River and for six months operation of the same	xnp	xnp	xxx	xxx	xxx	LM C [8 Nov 1843]	Burdon 3 69	"8 Nov 1842 Pub Mtg. Bill passed authorising a loan to provide for a Dredging Machine at a cost of £4,946. 13s. 4d. [Honduras] currency for deepening the Bar of the River and for six months operation of same and placing duties on vessels using the Bar ""to remunerate the public for the expense.” /// Thereafter not authorised by Sup"	###	
A 104	104	Loan	10 Jun 1858	xxx	xxx	"£4,000.00"	For the erection of a new Bridge at Belize T	xnp	xnp	xxx	xxx	xxx	R 53 [10 Jun 1858]	Burdon 3 207	"10 Jun 1858 Meeting of Executive Council. Resolved to issue tenders for a loan of £4,000 for the erection of a new Bridge at Belize."	###	
A 105	105	Fin	31 Dec 1867	Jan 1866—Dec 1867	11 Jun 1868	"£8,048.00"	Debt to War Office for defence of Colony	xnp	xnp	xxx	np	np	R 98 [11 Jun 1868]	Burdon 3 305	"11 Jun 1868 Lt Gov to Gov of Jam. Reports receipt through Brig Gen Harley of statement of Colony;s indebtedness to War Office, £8048, in connection with military operations in defence of Colony in 1866 and 1867 and for maintenance of Troops on Frontiers up to 31st Dec 1867."	###	
A 106	106	Trade	25 Jan 1750	Jan 1750	25 Jan 1750	38.10.0	Pounds paid at Hon by Capt Moses Lily for 6 Tuns Logwood	xnp	xnp	xxx	np	np	Lehrman Inst GLC03107.02753	xnp	Link: http://www.americanhistory.amdigital.co.uk.ezp-prod1.hul.harvard.edu/Documents/Details/GLC03107.02753	###	
A 107	107	Trade	1 Nov 1859	Nov 1859	15 Jul 1860	2	Dollars weekly wage for farming paid by Carib wives to husbands	xnp	xnp	Honduras	np	np	xxx	xnp	"The Caribs of Honduras are a hardy race, and do not share the prejudices of Massachusetts on the subject of labor. Each man has several wives. For each he clears a plantaiton and builds a house. In a year, she has every kind of breadstuff under cultivation; and hres creers, which she freights for Truxillo and Belize, her husband often commanding for her. If her agricultural labors prove too heavy, as a thrifty woman will sometimes make them, she hires her husband to work for her at two dollars a week. / See C. H. Dall, *Woman’s right to labor* [Boston, Walker, Wise & Co, 1860], 38 Link: http://www.americanhistory.amdigital.co.uk.ezp-prod1.hul.harvard.edu/Documents/Details/GLC06220"	###	
A 108	108	Trade	1 Jun 1765	Jun–Sep 1765	15 Jul 1765	2	Degrees Lat. [settled by Baymen]	60	Miles aback parallel to Shore [settled by Baymen]	Bay of Honduras	np	np	ADM 7/837/(iii) f 44r [Remarks ... 1765]	xnp	"[Summer] 1765 Remarks on that part of the Bay of Honduras where the English cut Logwood [by R. Hodgson]. 1. ... [T]hat part of it [Bay] where the King of GB's Subjects have lived, and cut Logwood for many years; may I believe be reckoned from the Mouth of Bacalar [= Hondo] River, in about 18 Degrees of N: Lat. to about 16 Deg: bounded on the East by the Sea; & on the West by a Line about 60 Miles aback paralel to the Shore. /ADM 7/837/(iii) Link: http://www.globalcommodities.amdigital.co.uk.ezp-prod1.hul.harvard.edu/Documents/Details/ADM_7_837_III /// Though see, [Summer] 1765 Remarks ... 3. ... Logwood has been cut above 100 Miles up this [Bellise] River; It has a Long course; but [ill] many Turnings that I believe the distance to the Sea, from most part of it is not above half what it is by Water; I imagine the course of it to be upon the whole East & West, ... /ADM 7/837/(iii) f 45v"	###	
A 109	109	Trade	1 Jan 1740	1740—1745	26 Mar 1747	115 t 120	Miles up River Bellize settled or regularly plied by Baymen	23	Leagues North fm Bellize River [to Diamond R] settled or regularly plied by Baymen	"River Bellize, Diamond River"	np	np	ADM 7/837/(iii) ff 69r–70r [Mjr Pepper memo 26 Mar 1747]	xnp	"26 Mar 1747 Mjr Parke Pepper to King in Council. Most humbly sheweth. ... That One hundred and twenty Miles up this [Bellize] River upon a Lake called Petent is a very Populous Spanish Indian Town in Friendship with the English, a little above which the Traders Cross from La vera Cruz to Guatamala, and the whole Trade of that large Province may be brought down this River. That about twenty three Leagues North from Bellize [R] is another River called the Diamond, Navigable about fifty Miles up, where there is a great Quantity of Mahogany and Cedar, fit for Ship Building, of which a very fine Snow of Two hundred Tons Burthen was built in this River by Capt. Isaac Garrison, ... That your Memorialist has often been assured ... that there are Numbers of Families, Your Majestys Subjects in North America, who are ready to Transport themselves to form a strong Colony upon the said two Rivers when they shall see that place secured by Protection from your Majesty, ... /ADM 7/837/(iii) /// Though see, 26 Mar 1747 Mjr Parke Pepper to King in Council. NB. ... One hundred Miles up the [Bellise] River, and about 15 Miles from it, is a Large Lake called Petent in which is a Town of the same Name. The Inhabitans whereof are entirely in our Interest by the Baymen having protected them from the Musketo Men who wanted to take the place. /ADM 7/837/(iii) f 73r /// Though see, 26 Mar 1747 Mjr Parke Pepper to King in Council. Bocalo [is] a Spanish Fort near the River Diamond which is about thirty miles from the River Bellize. /ADM 7/837/(iii) f 73r"	###	
A 110	110	Trade	1 Jan 1825	Jan—Jun 1825	8 Jul 1825	200	Miles west of sea-shore settled	xxx	Miles between Hondo and Sarstoon settled	"Hondo River, Sarstoon River, Belize T, Petent T"	np	np	CO 884/1/18 ff 6–7	xnp	"On the 8th July, 1825, General Codd, Sup of Hon, addressed to this [Colonial] Office a despatch, ... [which] represents the Sarstoon and the Hondo as the north and south limists, *de facto*, and Gen Codd stated that the settlers occupied the country to the extent of 200 miles from the sea-shore to the west, but that the country in that direction was unexplored. He adds: ""The nearest Spanish town west of the Settlement is called Peten; it is an insignificant place, and might be taken as the western boundary of back line in any new treaty, or even a north and south line from the source of the River Belize, till it bears west of the sources of the Rivers Hondo and Sarstoon respectively, which would comprise all the country occupied by the settlers; /CO 884/1/18"	###	
A 111	111	Trade	1 Jan 1782	Jan–Dec 1782	17 Mar 1783	"20,000 t 30,000"	tons of shipping employed	xnp	xnp	Honduras	np	np	Liston MS 5528 [Dyer to Munro 17 Mar 1783]	Bowett 163	"Robert White, Agent for the cutters at Belize, reckoned annual mahogany exportations from Belize at 70,000 tons in the lates 1770s.[/CO 123/2 [White to Townsend 10 Feb 1783]] If true, this is an astonishing figure, representing a value of L840,000. However, it is difficult to reconcile this with other contemporary estimates, and particularly with the smaller figure of 20–30,000 tons of shipping involved in carring both mahogany and logwood to Europe and America. [/Liston MS 5528 [Dyer to Munro 17 Mar 1783]] Nevertheless, even at the official rate [=L8 per ton], the Honduras mahogany trade in the 1770s was undoubtedly brisk. /v Bowett 163 /// [Liston MS 5528 ff 91–92 is] undated, but on internal evidence [is] dateable to 1782 /v Bowett 152 fn 1, 167 fn 46"	###	
A 112	112	Pers	4 Sep 1783	Sep 1783–1786	28 May 1787	500 t 700	Settlers	xnp	xnp	Honduras	np	np	CO 123/5 [White to Sydney 28 May 1787] / CO 123/14	Bolland F 31	"After the peace of 1783, between five and seven hundred people, including ""several loyalists from the American States,"" had settled in the Bay /CO 123/5 /CO 123/14 /v Bolland F 31"	###	
